id,target,SNR,sqrtSX,F0,F1,h0,alpha,delta,psi,phi,cosi
00000,0,0.0,1e-15,399.8452640209263,9.55140112307319e-11,0.0,2.090660901240773,-0.7531839578267053,0.516309443133997,1.118717803335063,0.5915366423599027
00001,0,0.0,1e-15,437.18331657239656,-6.447183169700559e-11,0.0,3.955184951349184,-0.047853307095247336,-0.5747166341977554,2.255701135952469,-0.35447728242353005
00002,0,0.0,1e-15,420.6985376479382,-4.323517023799499e-11,0.0,4.543324542957614,-0.05542383775916474,0.009891797973760164,2.558426508095385,-0.035155393942570834
00003,1,121.06152860836616,1e-15,423.4977749538978,6.86839293313359e-11,5.0000000000000005e-17,2.5697585274074686,0.4503744787778267,-0.4745776013887457,5.6520998735201,-0.8375790870533304
00004,1,95.29457423017078,1e-15,414.53097859006755,9.045423203538734e-11,5.0000000000000005e-17,5.060377046396066,-0.08097176631983902,-0.4238067077728451,5.624764490731159,0.6488604491600651
