id,target,SNR,sqrtSX,F0,F1,h0,alpha,delta,psi,phi,cosi
00000,1,35.98341213264036,1e-15,412.27655292587303,1.805305789151587e-11,3.3333333333333335e-17,3.805793404068068,0.372927137574499,0.10334358788012998,4.070826179215606,0.19128704024708698
00001,0,0.0,1e-15,438.17083113322855,-5.220358839530415e-11,0.0,1.984281759959788,1.0219089590002857,-0.20320209087567465,3.2310759987291817,0.4152991854761008
00002,1,61.776284962872644,1e-15,439.5105827368506,-5.726319682213117e-12,3.3333333333333335e-17,4.397879515319147,-0.8089818383704204,-0.746518935631616,4.112593643305426,0.5768678752320289
00003,1,42.01477120431884,1e-15,423.3615671144365,-3.7194688044896515e-11,3.3333333333333335e-17,1.1683115574890686,-0.10540087101603578,0.27433542248599196,3.3350855934512302,0.3286000659006123
00004,0,0.0,1e-15,417.63455462961474,-9.815437488462657e-11,0.0,2.8632216486842084,-1.0440722211667874,0.46106950331872953,4.291661260489942,-0.08968006996722022
